{
  "main": {
    "id": "933d6af10ac98474",
    "type": "split",
    "children": [
      {
        "id": "39c172ace5c64465",
        "type": "tabs",
        "children": [
          {
            "id": "b23af0e2379cbf86",
            "type": "leaf",
            "state": {
              "type": "markdown",
              "state": {
                "file": "releases/v2.21.2 - 🎯 Target Practice.md",
                "mode": "preview",
                "source": true
              },
              "icon": "lucide-file",
              "title": "v2.21.2 - 🎯 Target Practice"
            }
          }
        ]
      }
    ],
    "direction": "vertical"
  },
  "left": {
    "id": "d02577f86e82d204",
    "type": "split",
    "children": [
      {
        "id": "8b7043bbb2261175",
        "type": "tabs",
        "children": [
          {
            "id": "342e5185840138ef",
            "type": "leaf",
            "state": {
              "type": "file-explorer",
              "state": {
                "sortOrder": "alphabetical",
                "autoReveal": false
              },
              "icon": "lucide-folder-closed",
              "title": "Files"
            }
          },
          {
            "id": "d91fd6b367a360fc",
            "type": "leaf",
            "state": {
              "type": "search",
              "state": {
                "query": "",
                "matchingCase": false,
                "explainSearch": false,
                "collapseAll": false,
                "extraContext": false,
                "sortOrder": "alphabetical"
              },
              "icon": "lucide-search",
              "title": "Search"
            }
          },
          {
            "id": "1e8a1f4b728d2339",
            "type": "leaf",
            "state": {
              "type": "bookmarks",
              "state": {},
              "icon": "lucide-bookmark",
              "title": "Bookmarks"
            }
          }
        ]
      }
    ],
    "direction": "horizontal",
    "width": 301.5
  },
  "right": {
    "id": "b099b6b5c1c79396",
    "type": "split",
    "children": [
      {
        "id": "0869d7b720196732",
        "type": "tabs",
        "children": [
          {
            "id": "ca4716b07c6a8ef6",
            "type": "leaf",
            "state": {
              "type": "tag",
              "state": {
                "sortOrder": "frequency",
                "useHierarchy": true
              },
              "icon": "lucide-tags",
              "title": "Tags"
            }
          },
          {
            "id": "e1c0272d1b30a022",
            "type": "leaf",
            "state": {
              "type": "calendar",
              "state": {},
              "icon": "calendar-with-checkmark",
              "title": "Calendar"
            }
          },
          {
            "id": "d30e7d66cc31247f",
            "type": "leaf",
            "state": {
              "type": "backlink",
              "state": {
                "file": "2025-01-21.md",
                "collapseAll": false,
                "extraContext": false,
                "sortOrder": "alphabetical",
                "showSearch": false,
                "searchQuery": "",
                "backlinkCollapsed": false,
                "unlinkedCollapsed": true
              },
              "icon": "links-coming-in",
              "title": "Backlinks for 2025-01-21"
            }
          },
          {
            "id": "93db444268d0617b",
            "type": "leaf",
            "state": {
              "type": "outgoing-link",
              "state": {
                "file": "2025-01-21.md",
                "linksCollapsed": false,
                "unlinkedCollapsed": true
              },
              "icon": "links-going-out",
              "title": "Outgoing links from 2025-01-21"
            }
          },
          {
            "id": "33e469a0aaef2668",
            "type": "leaf",
            "state": {
              "type": "all-properties",
              "state": {
                "sortOrder": "frequency",
                "showSearch": false,
                "searchQuery": ""
              },
              "icon": "lucide-archive",
              "title": "All properties"
            }
          },
          {
            "id": "20c2cd7b26978fc4",
            "type": "leaf",
            "state": {
              "type": "outline",
              "state": {
                "file": "2025-01-21.md",
                "followCursor": false,
                "showSearch": false,
                "searchQuery": ""
              },
              "icon": "lucide-list",
              "title": "Outline of 2025-01-21"
            }
          },
          {
            "id": "46e0e2aeaf4a619e",
            "type": "leaf",
            "state": {
              "type": "empty",
              "state": {},
              "icon": "lucide-file",
              "title": "New tab"
            }
          },
          {
            "id": "4516ff4612d2fc87",
            "type": "leaf",
            "state": {
              "type": "empty",
              "state": {},
              "icon": "lucide-file",
              "title": "New tab"
            }
          },
          {
            "id": "b2f6eb6dfe7ed0fe",
            "type": "leaf",
            "state": {
              "type": "empty",
              "state": {},
              "icon": "lucide-file",
              "title": "New tab"
            }
          },
          {
            "id": "b1be9c5f2f196e55",
            "type": "leaf",
            "state": {
              "type": "empty",
              "state": {},
              "icon": "lucide-file",
              "title": "New tab"
            }
          },
          {
            "id": "0478055d45358ce5",
            "type": "leaf",
            "state": {
              "type": "empty",
              "state": {},
              "icon": "lucide-file",
              "title": "New tab"
            }
          },
          {
            "id": "667924456b81ac71",
            "type": "leaf",
            "state": {
              "type": "empty",
              "state": {},
              "icon": "lucide-file",
              "title": "New tab"
            }
          },
          {
            "id": "f2c99f0f5bb770dd",
            "type": "leaf",
            "state": {
              "type": "empty",
              "state": {},
              "icon": "lucide-file",
              "title": "New tab"
            }
          },
          {
            "id": "23347beaa09f0aca",
            "type": "leaf",
            "state": {
              "type": "empty",
              "state": {},
              "icon": "lucide-file",
              "title": "New tab"
            }
          },
          {
            "id": "110baaad57e1165b",
            "type": "leaf",
            "state": {
              "type": "empty",
              "state": {},
              "icon": "lucide-file",
              "title": "New tab"
            }
          },
          {
            "id": "039cbbc417ce0238",
            "type": "leaf",
            "state": {
              "type": "empty",
              "state": {},
              "icon": "lucide-file",
              "title": "New tab"
            }
          },
          {
            "id": "28dd3e4fa478224d",
            "type": "leaf",
            "state": {
              "type": "empty",
              "state": {},
              "icon": "lucide-file",
              "title": "New tab"
            }
          },
          {
            "id": "31c20075b1a48888",
            "type": "leaf",
            "state": {
              "type": "empty",
              "state": {},
              "icon": "lucide-file",
              "title": "New tab"
            }
          },
          {
            "id": "0d94017bba53c84c",
            "type": "leaf",
            "state": {
              "type": "empty",
              "state": {},
              "icon": "lucide-file",
              "title": "New tab"
            }
          },
          {
            "id": "335dca169c6c9f39",
            "type": "leaf",
            "state": {
              "type": "empty",
              "state": {},
              "icon": "lucide-file",
              "title": "New tab"
            }
          },
          {
            "id": "f0dcaf283a89cd61",
            "type": "leaf",
            "state": {
              "type": "empty",
              "state": {},
              "icon": "lucide-file",
              "title": "New tab"
            }
          },
          {
            "id": "8c1bfa0aae722340",
            "type": "leaf",
            "state": {
              "type": "empty",
              "state": {},
              "icon": "lucide-file",
              "title": "New tab"
            }
          },
          {
            "id": "78d921e156f73a40",
            "type": "leaf",
            "state": {
              "type": "empty",
              "state": {},
              "icon": "lucide-file",
              "title": "New tab"
            }
          },
          {
            "id": "7a022eec739a9427",
            "type": "leaf",
            "state": {
              "type": "empty",
              "state": {},
              "icon": "lucide-file",
              "title": "New tab"
            }
          },
          {
            "id": "c73060ed0d3ef21f",
            "type": "leaf",
            "state": {
              "type": "empty",
              "state": {},
              "icon": "lucide-file",
              "title": "New tab"
            }
          },
          {
            "id": "a5290692e6121d7d",
            "type": "leaf",
            "state": {
              "type": "empty",
              "state": {},
              "icon": "lucide-file",
              "title": "New tab"
            }
          },
          {
            "id": "00f2b0ec57d9d490",
            "type": "leaf",
            "state": {
              "type": "empty",
              "state": {},
              "icon": "lucide-file",
              "title": "New tab"
            }
          },
          {
            "id": "1a0f0b218d3c95c1",
            "type": "leaf",
            "state": {
              "type": "empty",
              "state": {},
              "icon": "lucide-file",
              "title": "New tab"
            }
          },
          {
            "id": "ae5838d03abad92e",
            "type": "leaf",
            "state": {
              "type": "empty",
              "state": {},
              "icon": "lucide-file",
              "title": "New tab"
            }
          },
          {
            "id": "df476f651fdce269",
            "type": "leaf",
            "state": {
              "type": "empty",
              "state": {},
              "icon": "lucide-file",
              "title": "New tab"
            }
          },
          {
            "id": "86d51891e41d3225",
            "type": "leaf",
            "state": {
              "type": "empty",
              "state": {},
              "icon": "lucide-file",
              "title": "New tab"
            }
          },
          {
            "id": "052c45a9396096da",
            "type": "leaf",
            "state": {
              "type": "empty",
              "state": {},
              "icon": "lucide-file",
              "title": "New tab"
            }
          },
          {
            "id": "32469eb50c21800b",
            "type": "leaf",
            "state": {
              "type": "empty",
              "state": {},
              "icon": "lucide-file",
              "title": "New tab"
            }
          },
          {
            "id": "af6a885e7eaa22c4",
            "type": "leaf",
            "state": {
              "type": "empty",
              "state": {},
              "icon": "lucide-file",
              "title": "New tab"
            }
          },
          {
            "id": "80c744cf33c75b53",
            "type": "leaf",
            "state": {
              "type": "empty",
              "state": {},
              "icon": "lucide-file",
              "title": "New tab"
            }
          },
          {
            "id": "79fc6f9aa40d7808",
            "type": "leaf",
            "state": {
              "type": "empty",
              "state": {},
              "icon": "lucide-file",
              "title": "New tab"
            }
          },
          {
            "id": "3d9090fb6fe4a681",
            "type": "leaf",
            "state": {
              "type": "empty",
              "state": {},
              "icon": "lucide-file",
              "title": "New tab"
            }
          },
          {
            "id": "fe8b2b4781a80189",
            "type": "leaf",
            "state": {
              "type": "empty",
              "state": {},
              "icon": "lucide-file",
              "title": "New tab"
            }
          },
          {
            "id": "0b112263d3db3b7a",
            "type": "leaf",
            "state": {
              "type": "empty",
              "state": {},
              "icon": "lucide-file",
              "title": "New tab"
            }
          },
          {
            "id": "84444cd4e25fa01b",
            "type": "leaf",
            "state": {
              "type": "empty",
              "state": {},
              "icon": "lucide-file",
              "title": "New tab"
            }
          },
          {
            "id": "9aeda671e04e8f2c",
            "type": "leaf",
            "state": {
              "type": "empty",
              "state": {},
              "icon": "lucide-file",
              "title": "New tab"
            }
          },
          {
            "id": "66a1c34adc805100",
            "type": "leaf",
            "state": {
              "type": "empty",
              "state": {},
              "icon": "lucide-file",
              "title": "New tab"
            }
          },
          {
            "id": "8bd8b5b10d6147a0",
            "type": "leaf",
            "state": {
              "type": "empty",
              "state": {},
              "icon": "lucide-file",
              "title": "New tab"
            }
          },
          {
            "id": "34f2382cc33ff4f6",
            "type": "leaf",
            "state": {
              "type": "empty",
              "state": {},
              "icon": "lucide-file",
              "title": "New tab"
            }
          },
          {
            "id": "cbdc81307bc7031c",
            "type": "leaf",
            "state": {
              "type": "empty",
              "state": {},
              "icon": "lucide-file",
              "title": "New tab"
            }
          },
          {
            "id": "9246e1462f9203e9",
            "type": "leaf",
            "state": {
              "type": "empty",
              "state": {},
              "icon": "lucide-file",
              "title": "New tab"
            }
          },
          {
            "id": "66b5a4feb6baaab6",
            "type": "leaf",
            "state": {
              "type": "empty",
              "state": {},
              "icon": "lucide-file",
              "title": "New tab"
            }
          },
          {
            "id": "b2786476ce229da4",
            "type": "leaf",
            "state": {
              "type": "empty",
              "state": {},
              "icon": "lucide-file",
              "title": "New tab"
            }
          },
          {
            "id": "63fc7148c766e3d1",
            "type": "leaf",
            "state": {
              "type": "empty",
              "state": {},
              "icon": "lucide-file",
              "title": "New tab"
            }
          },
          {
            "id": "320b8497163335ea",
            "type": "leaf",
            "state": {
              "type": "empty",
              "state": {},
              "icon": "lucide-file",
              "title": "New tab"
            }
          },
          {
            "id": "35f2a62002a07173",
            "type": "leaf",
            "state": {
              "type": "empty",
              "state": {},
              "icon": "lucide-file",
              "title": "New tab"
            }
          },
          {
            "id": "c9d16885f878fb1d",
            "type": "leaf",
            "state": {
              "type": "empty",
              "state": {},
              "icon": "lucide-file",
              "title": "New tab"
            }
          },
          {
            "id": "b49eec0dd85062dc",
            "type": "leaf",
            "state": {
              "type": "empty",
              "state": {},
              "icon": "lucide-file",
              "title": "New tab"
            }
          },
          {
            "id": "7d82c246e3430448",
            "type": "leaf",
            "state": {
              "type": "empty",
              "state": {},
              "icon": "lucide-file",
              "title": "New tab"
            }
          },
          {
            "id": "e9878d5a1cad3e5b",
            "type": "leaf",
            "state": {
              "type": "empty",
              "state": {},
              "icon": "lucide-file",
              "title": "New tab"
            }
          },
          {
            "id": "4aafb954cd32119d",
            "type": "leaf",
            "state": {
              "type": "empty",
              "state": {},
              "icon": "lucide-file",
              "title": "New tab"
            }
          },
          {
            "id": "c6fbe101f060b236",
            "type": "leaf",
            "state": {
              "type": "empty",
              "state": {},
              "icon": "lucide-file",
              "title": "New tab"
            }
          },
          {
            "id": "55c82ce171b0519b",
            "type": "leaf",
            "state": {
              "type": "empty",
              "state": {},
              "icon": "lucide-file",
              "title": "New tab"
            }
          },
          {
            "id": "9bad508ec51b5004",
            "type": "leaf",
            "state": {
              "type": "empty",
              "state": {},
              "icon": "lucide-file",
              "title": "New tab"
            }
          },
          {
            "id": "02888dd6b6db5288",
            "type": "leaf",
            "state": {
              "type": "empty",
              "state": {},
              "icon": "lucide-file",
              "title": "New tab"
            }
          },
          {
            "id": "96e7248378081d67",
            "type": "leaf",
            "state": {
              "type": "empty",
              "state": {},
              "icon": "lucide-file",
              "title": "New tab"
            }
          },
          {
            "id": "fd2e654a0d7432f7",
            "type": "leaf",
            "state": {
              "type": "empty",
              "state": {},
              "icon": "lucide-file",
              "title": "New tab"
            }
          },
          {
            "id": "0ba1467975a988a8",
            "type": "leaf",
            "state": {
              "type": "empty",
              "state": {},
              "icon": "lucide-file",
              "title": "New tab"
            }
          },
          {
            "id": "f9d4fe28d1b4c642",
            "type": "leaf",
            "state": {
              "type": "empty",
              "state": {},
              "icon": "lucide-file",
              "title": "New tab"
            }
          },
          {
            "id": "63320c107a569ceb",
            "type": "leaf",
            "state": {
              "type": "empty",
              "state": {},
              "icon": "lucide-file",
              "title": "New tab"
            }
          },
          {
            "id": "80025aafcb0a67af",
            "type": "leaf",
            "state": {
              "type": "empty",
              "state": {},
              "icon": "lucide-file",
              "title": "New tab"
            }
          },
          {
            "id": "596044308187a87b",
            "type": "leaf",
            "state": {
              "type": "empty",
              "state": {},
              "icon": "lucide-file",
              "title": "New tab"
            }
          },
          {
            "id": "993853d7e63d814d",
            "type": "leaf",
            "state": {
              "type": "empty",
              "state": {},
              "icon": "lucide-file",
              "title": "New tab"
            }
          },
          {
            "id": "26f5f1a437a61500",
            "type": "leaf",
            "state": {
              "type": "empty",
              "state": {},
              "icon": "lucide-file",
              "title": "New tab"
            }
          },
          {
            "id": "bcffdd5c404471f4",
            "type": "leaf",
            "state": {
              "type": "empty",
              "state": {},
              "icon": "lucide-file",
              "title": "New tab"
            }
          },
          {
            "id": "3fac3fe8015cfb2c",
            "type": "leaf",
            "state": {
              "type": "empty",
              "state": {},
              "icon": "lucide-file",
              "title": "New tab"
            }
          },
          {
            "id": "46a5379964876774",
            "type": "leaf",
            "state": {
              "type": "empty",
              "state": {},
              "icon": "lucide-file",
              "title": "New tab"
            }
          },
          {
            "id": "462f98be6a8a30b7",
            "type": "leaf",
            "state": {
              "type": "empty",
              "state": {},
              "icon": "lucide-file",
              "title": "New tab"
            }
          },
          {
            "id": "55f22f5f47f349da",
            "type": "leaf",
            "state": {
              "type": "empty",
              "state": {},
              "icon": "lucide-file",
              "title": "New tab"
            }
          },
          {
            "id": "daeabde804abde8a",
            "type": "leaf",
            "state": {
              "type": "empty",
              "state": {},
              "icon": "lucide-file",
              "title": "New tab"
            }
          },
          {
            "id": "70a370fa9d6c2cdf",
            "type": "leaf",
            "state": {
              "type": "empty",
              "state": {},
              "icon": "lucide-file",
              "title": "New tab"
            }
          },
          {
            "id": "492e7ceed9219995",
            "type": "leaf",
            "state": {
              "type": "empty",
              "state": {},
              "icon": "lucide-file",
              "title": "New tab"
            }
          },
          {
            "id": "0017bcdefe7379b4",
            "type": "leaf",
            "state": {
              "type": "empty",
              "state": {},
              "icon": "lucide-file",
              "title": "New tab"
            }
          },
          {
            "id": "bf17bb65088efd25",
            "type": "leaf",
            "state": {
              "type": "empty",
              "state": {},
              "icon": "lucide-file",
              "title": "New tab"
            }
          },
          {
            "id": "b8fdad28571b17f5",
            "type": "leaf",
            "state": {
              "type": "empty",
              "state": {},
              "icon": "lucide-file",
              "title": "New tab"
            }
          },
          {
            "id": "f32516016d088847",
            "type": "leaf",
            "state": {
              "type": "empty",
              "state": {},
              "icon": "lucide-file",
              "title": "New tab"
            }
          },
          {
            "id": "79b6c56a62c33a44",
            "type": "leaf",
            "state": {
              "type": "empty",
              "state": {},
              "icon": "lucide-file",
              "title": "New tab"
            }
          },
          {
            "id": "9ae39243149b16fc",
            "type": "leaf",
            "state": {
              "type": "empty",
              "state": {},
              "icon": "lucide-file",
              "title": "New tab"
            }
          },
          {
            "id": "c2621621f1d78273",
            "type": "leaf",
            "state": {
              "type": "empty",
              "state": {},
              "icon": "lucide-file",
              "title": "New tab"
            }
          },
          {
            "id": "6dc76778871fab1f",
            "type": "leaf",
            "state": {
              "type": "empty",
              "state": {},
              "icon": "lucide-file",
              "title": "New tab"
            }
          },
          {
            "id": "a6ab4ca8cac6ddc3",
            "type": "leaf",
            "state": {
              "type": "empty",
              "state": {},
              "icon": "lucide-file",
              "title": "New tab"
            }
          },
          {
            "id": "ed1aebd96e6d5dcd",
            "type": "leaf",
            "state": {
              "type": "empty",
              "state": {},
              "icon": "lucide-file",
              "title": "New tab"
            }
          },
          {
            "id": "c3df34a7358df027",
            "type": "leaf",
            "state": {
              "type": "empty",
              "state": {},
              "icon": "lucide-file",
              "title": "New tab"
            }
          },
          {
            "id": "1d72249361f6d7a2",
            "type": "leaf",
            "state": {
              "type": "empty",
              "state": {},
              "icon": "lucide-file",
              "title": "New tab"
            }
          },
          {
            "id": "e16a827880e25283",
            "type": "leaf",
            "state": {
              "type": "empty",
              "state": {},
              "icon": "lucide-file",
              "title": "New tab"
            }
          },
          {
            "id": "5db5ca767a39753c",
            "type": "leaf",
            "state": {
              "type": "empty",
              "state": {},
              "icon": "lucide-file",
              "title": "New tab"
            }
          },
          {
            "id": "f723d9a4a1576ae3",
            "type": "leaf",
            "state": {
              "type": "empty",
              "state": {},
              "icon": "lucide-file",
              "title": "New tab"
            }
          },
          {
            "id": "bd7d898e5c8b9522",
            "type": "leaf",
            "state": {
              "type": "empty",
              "state": {},
              "icon": "lucide-file",
              "title": "New tab"
            }
          },
          {
            "id": "ec291270e4b54a78",
            "type": "leaf",
            "state": {
              "type": "empty",
              "state": {},
              "icon": "lucide-file",
              "title": "New tab"
            }
          },
          {
            "id": "21a6ba253ae45a62",
            "type": "leaf",
            "state": {
              "type": "empty",
              "state": {},
              "icon": "lucide-file",
              "title": "New tab"
            }
          },
          {
            "id": "145cf3c36ced5389",
            "type": "leaf",
            "state": {
              "type": "empty",
              "state": {},
              "icon": "lucide-file",
              "title": "New tab"
            }
          },
          {
            "id": "3ace8fd4f6662da7",
            "type": "leaf",
            "state": {
              "type": "empty",
              "state": {},
              "icon": "lucide-file",
              "title": "New tab"
            }
          },
          {
            "id": "99afc4f822390dc7",
            "type": "leaf",
            "state": {
              "type": "empty",
              "state": {},
              "icon": "lucide-file",
              "title": "New tab"
            }
          },
          {
            "id": "06c48832f362cd49",
            "type": "leaf",
            "state": {
              "type": "empty",
              "state": {},
              "icon": "lucide-file",
              "title": "New tab"
            }
          },
          {
            "id": "b1e3fa3f653789f9",
            "type": "leaf",
            "state": {
              "type": "empty",
              "state": {},
              "icon": "lucide-file",
              "title": "New tab"
            }
          },
          {
            "id": "ce00307883d569e1",
            "type": "leaf",
            "state": {
              "type": "empty",
              "state": {},
              "icon": "lucide-file",
              "title": "New tab"
            }
          },
          {
            "id": "cc7a2864fdea549d",
            "type": "leaf",
            "state": {
              "type": "empty",
              "state": {},
              "icon": "lucide-file",
              "title": "New tab"
            }
          },
          {
            "id": "b7942afa1fc12e87",
            "type": "leaf",
            "state": {
              "type": "empty",
              "state": {},
              "icon": "lucide-file",
              "title": "New tab"
            }
          },
          {
            "id": "13dc96688ce84a88",
            "type": "leaf",
            "state": {
              "type": "empty",
              "state": {},
              "icon": "lucide-file",
              "title": "New tab"
            }
          },
          {
            "id": "7b4f45e23e60e920",
            "type": "leaf",
            "state": {
              "type": "empty",
              "state": {},
              "icon": "lucide-file",
              "title": "New tab"
            }
          },
          {
            "id": "05556a3751a1da09",
            "type": "leaf",
            "state": {
              "type": "empty",
              "state": {},
              "icon": "lucide-file",
              "title": "New tab"
            }
          },
          {
            "id": "4591adfa82869a70",
            "type": "leaf",
            "state": {
              "type": "empty",
              "state": {},
              "icon": "lucide-file",
              "title": "New tab"
            }
          },
          {
            "id": "955538527f309d56",
            "type": "leaf",
            "state": {
              "type": "empty",
              "state": {},
              "icon": "lucide-file",
              "title": "New tab"
            }
          },
          {
            "id": "4abf29fc86414aeb",
            "type": "leaf",
            "state": {
              "type": "empty",
              "state": {},
              "icon": "lucide-file",
              "title": "New tab"
            }
          },
          {
            "id": "ff5c2bb8e3ce408c",
            "type": "leaf",
            "state": {
              "type": "empty",
              "state": {},
              "icon": "lucide-file",
              "title": "New tab"
            }
          },
          {
            "id": "4e0de903743a40c6",
            "type": "leaf",
            "state": {
              "type": "empty",
              "state": {},
              "icon": "lucide-file",
              "title": "New tab"
            }
          },
          {
            "id": "0ad533c3855e7ec4",
            "type": "leaf",
            "state": {
              "type": "empty",
              "state": {},
              "icon": "lucide-file",
              "title": "New tab"
            }
          },
          {
            "id": "e219256e6c0efd18",
            "type": "leaf",
            "state": {
              "type": "empty",
              "state": {},
              "icon": "lucide-file",
              "title": "New tab"
            }
          },
          {
            "id": "ae38853638a249ac",
            "type": "leaf",
            "state": {
              "type": "empty",
              "state": {},
              "icon": "lucide-file",
              "title": "New tab"
            }
          },
          {
            "id": "0e4d9d2658621b89",
            "type": "leaf",
            "state": {
              "type": "empty",
              "state": {},
              "icon": "lucide-file",
              "title": "New tab"
            }
          },
          {
            "id": "c0d2ca19579983f6",
            "type": "leaf",
            "state": {
              "type": "empty",
              "state": {},
              "icon": "lucide-file",
              "title": "New tab"
            }
          },
          {
            "id": "c76abef807f64fd6",
            "type": "leaf",
            "state": {
              "type": "empty",
              "state": {},
              "icon": "lucide-file",
              "title": "New tab"
            }
          },
          {
            "id": "cf674f4bc04ad233",
            "type": "leaf",
            "state": {
              "type": "empty",
              "state": {},
              "icon": "lucide-file",
              "title": "New tab"
            }
          },
          {
            "id": "9b4bddd6de4f702a",
            "type": "leaf",
            "state": {
              "type": "empty",
              "state": {},
              "icon": "lucide-file",
              "title": "New tab"
            }
          },
          {
            "id": "1dbe06bd96985618",
            "type": "leaf",
            "state": {
              "type": "empty",
              "state": {},
              "icon": "lucide-file",
              "title": "New tab"
            }
          },
          {
            "id": "00e54017fd780d67",
            "type": "leaf",
            "state": {
              "type": "empty",
              "state": {},
              "icon": "lucide-file",
              "title": "New tab"
            }
          },
          {
            "id": "f541dbd9ef414519",
            "type": "leaf",
            "state": {
              "type": "empty",
              "state": {},
              "icon": "lucide-file",
              "title": "New tab"
            }
          },
          {
            "id": "f1f72fcd7557737e",
            "type": "leaf",
            "state": {
              "type": "empty",
              "state": {},
              "icon": "lucide-file",
              "title": "New tab"
            }
          },
          {
            "id": "fd0bdaab40d9ebca",
            "type": "leaf",
            "state": {
              "type": "empty",
              "state": {},
              "icon": "lucide-file",
              "title": "New tab"
            }
          },
          {
            "id": "a4d399c607d0a539",
            "type": "leaf",
            "state": {
              "type": "empty",
              "state": {},
              "icon": "lucide-file",
              "title": "New tab"
            }
          },
          {
            "id": "fd95a6dc2409f0f4",
            "type": "leaf",
            "state": {
              "type": "empty",
              "state": {},
              "icon": "lucide-file",
              "title": "New tab"
            }
          },
          {
            "id": "1c54fcc2ae547833",
            "type": "leaf",
            "state": {
              "type": "empty",
              "state": {},
              "icon": "lucide-file",
              "title": "New tab"
            }
          },
          {
            "id": "f9b1bbecc45ff413",
            "type": "leaf",
            "state": {
              "type": "empty",
              "state": {},
              "icon": "lucide-file",
              "title": "New tab"
            }
          },
          {
            "id": "dbf16ffddade2e66",
            "type": "leaf",
            "state": {
              "type": "empty",
              "state": {},
              "icon": "lucide-file",
              "title": "New tab"
            }
          },
          {
            "id": "960d3fb9b17ad97c",
            "type": "leaf",
            "state": {
              "type": "empty",
              "state": {},
              "icon": "lucide-file",
              "title": "New tab"
            }
          },
          {
            "id": "c403c7196b809883",
            "type": "leaf",
            "state": {
              "type": "empty",
              "state": {},
              "icon": "lucide-file",
              "title": "New tab"
            }
          },
          {
            "id": "2e59635fef78b628",
            "type": "leaf",
            "state": {
              "type": "empty",
              "state": {},
              "icon": "lucide-file",
              "title": "New tab"
            }
          },
          {
            "id": "740a5511941253e9",
            "type": "leaf",
            "state": {
              "type": "empty",
              "state": {},
              "icon": "lucide-file",
              "title": "New tab"
            }
          },
          {
            "id": "13f953bd2a502d6d",
            "type": "leaf",
            "state": {
              "type": "empty",
              "state": {},
              "icon": "lucide-file",
              "title": "New tab"
            }
          },
          {
            "id": "7f4574d93230c997",
            "type": "leaf",
            "state": {
              "type": "empty",
              "state": {},
              "icon": "lucide-file",
              "title": "New tab"
            }
          },
          {
            "id": "6b237aef6bb99864",
            "type": "leaf",
            "state": {
              "type": "empty",
              "state": {},
              "icon": "lucide-file",
              "title": "New tab"
            }
          },
          {
            "id": "4116fe06a022fb24",
            "type": "leaf",
            "state": {
              "type": "empty",
              "state": {},
              "icon": "lucide-file",
              "title": "New tab"
            }
          },
          {
            "id": "b9b293d05c0788b3",
            "type": "leaf",
            "state": {
              "type": "empty",
              "state": {},
              "icon": "lucide-file",
              "title": "New tab"
            }
          },
          {
            "id": "d35e88707c358c04",
            "type": "leaf",
            "state": {
              "type": "empty",
              "state": {},
              "icon": "lucide-file",
              "title": "New tab"
            }
          },
          {
            "id": "4a2b84f39a8499f7",
            "type": "leaf",
            "state": {
              "type": "empty",
              "state": {},
              "icon": "lucide-file",
              "title": "New tab"
            }
          },
          {
            "id": "9aadbfcac93dbe0f",
            "type": "leaf",
            "state": {
              "type": "empty",
              "state": {},
              "icon": "lucide-file",
              "title": "New tab"
            }
          },
          {
            "id": "ac6d5af9f4bcd642",
            "type": "leaf",
            "state": {
              "type": "empty",
              "state": {},
              "icon": "lucide-file",
              "title": "New tab"
            }
          },
          {
            "id": "dabc1392d293fe5c",
            "type": "leaf",
            "state": {
              "type": "empty",
              "state": {},
              "icon": "lucide-file",
              "title": "New tab"
            }
          },
          {
            "id": "2c52b814944cdce1",
            "type": "leaf",
            "state": {
              "type": "empty",
              "state": {},
              "icon": "lucide-file",
              "title": "New tab"
            }
          },
          {
            "id": "e2f215859d42cb3b",
            "type": "leaf",
            "state": {
              "type": "empty",
              "state": {},
              "icon": "lucide-file",
              "title": "New tab"
            }
          },
          {
            "id": "054d5c040e1522bb",
            "type": "leaf",
            "state": {
              "type": "empty",
              "state": {},
              "icon": "lucide-file",
              "title": "New tab"
            }
          },
          {
            "id": "0728c8ac51f4bbb6",
            "type": "leaf",
            "state": {
              "type": "empty",
              "state": {},
              "icon": "lucide-file",
              "title": "New tab"
            }
          },
          {
            "id": "630b8fb61dc5d129",
            "type": "leaf",
            "state": {
              "type": "empty",
              "state": {},
              "icon": "lucide-file",
              "title": "New tab"
            }
          },
          {
            "id": "9c4099b505d99f4c",
            "type": "leaf",
            "state": {
              "type": "empty",
              "state": {},
              "icon": "lucide-file",
              "title": "New tab"
            }
          },
          {
            "id": "de69e974d249b11a",
            "type": "leaf",
            "state": {
              "type": "empty",
              "state": {},
              "icon": "lucide-file",
              "title": "New tab"
            }
          },
          {
            "id": "b0be0f8c571d96ca",
            "type": "leaf",
            "state": {
              "type": "empty",
              "state": {},
              "icon": "lucide-file",
              "title": "New tab"
            }
          },
          {
            "id": "db726d9ba4b7a536",
            "type": "leaf",
            "state": {
              "type": "empty",
              "state": {},
              "icon": "lucide-file",
              "title": "New tab"
            }
          },
          {
            "id": "8c5800908236633e",
            "type": "leaf",
            "state": {
              "type": "empty",
              "state": {},
              "icon": "lucide-file",
              "title": "New tab"
            }
          },
          {
            "id": "ba002a163c9898f4",
            "type": "leaf",
            "state": {
              "type": "empty",
              "state": {},
              "icon": "lucide-file",
              "title": "New tab"
            }
          },
          {
            "id": "f0acf8f4475df4ba",
            "type": "leaf",
            "state": {
              "type": "empty",
              "state": {},
              "icon": "lucide-file",
              "title": "New tab"
            }
          },
          {
            "id": "0cee3d4ee441f8b8",
            "type": "leaf",
            "state": {
              "type": "empty",
              "state": {},
              "icon": "lucide-file",
              "title": "New tab"
            }
          },
          {
            "id": "5dd1a97ad1bbe912",
            "type": "leaf",
            "state": {
              "type": "empty",
              "state": {},
              "icon": "lucide-file",
              "title": "New tab"
            }
          },
          {
            "id": "9765030e9733d40d",
            "type": "leaf",
            "state": {
              "type": "empty",
              "state": {},
              "icon": "lucide-file",
              "title": "New tab"
            }
          },
          {
            "id": "a9168b47e9474420",
            "type": "leaf",
            "state": {
              "type": "Saved Queries View",
              "state": {},
              "icon": "feather-mouse-pointer",
              "title": "Saved Queries"
            }
          }
        ],
        "currentTab": 158
      }
    ],
    "direction": "horizontal",
    "width": 420.5,
    "collapsed": true
  },
  "left-ribbon": {
    "hiddenItems": {
      "switcher:Open quick switcher": true,
      "templates:Insert template": true,
      "command-palette:Open command palette": false,
      "cmdr:Reload app without saving": false,
      "cmdr:Open Plugin Settings: Rich Foot": false,
      "cmdr:Open Plugin Settings: Pixel Banner": false
    }
  },
  "active": "b23af0e2379cbf86",
  "lastOpenFiles": [
    "🚩 Pixel-Banner.md",
    "tests/various embedded heights/_embedding-test.md",
    "tests/simple embedded/consumer.md",
    "tests/simple embedded/example-embedded.md",
    "tests/simple embedded",
    "tests/snippets.md",
    "Random Shuffle/Disney Lorcana.md",
    "tests/various embedded heights/banner-height-300.md",
    "tests/various embedded heights/banner-height-150.md",
    "tests/various embedded heights/banner-height-50.md",
    "tests/banner icon 1.md",
    "tests/banner icon 2.md",
    "tests/🧪 test - 10 - embed tests.md",
    "tests/blank.md",
    "tests/🧪 test - 3 - direct url link.md",
    "tests/🧪 test - 4 - all fields.md",
    "tests/🧪 test - 5 - absolute position.md",
    "tests/🧪 test - 6 - image float right.md",
    "tests/🧪 test - 7- shuffle time!.md",
    "tests/🧪 test - 9 - svg banner.md",
    "tests/🧪 test - 2 - internal link - unquoted.md",
    "tests/🧪 test - 1 - internal link.md",
    "releases/v2.20.0 - ⭐ The Icon has Landed.md",
    "releases/v2.17.0 - 🧦 Sort your Sock Drawer.md",
    "releases/v2.13.0 - 🖼️ View my Banner.md",
    "releases/v2.10.0 - 🖌️ Title Color.md",
    "shuffle-images/bell-hidden-archer.jpg",
    "pixel-banner-images/bullseye.jpg",
    "shuffle-images/daisy-duck-secret-agent.jpg",
    "pixel-banner-images/code.png",
    "pixel-banner-images/shooting-star.png",
    "pixel-banner-images/artwork.webp",
    "tests/various embedded heights",
    "pixel-banner-images/test/grass.png",
    "pixel-banner-images/test/wave.png",
    "pixel-banner-images/test",
    "pixel-banner-images/x-marks-the-spot.png",
    "pixel-banner-images/dog.jpg",
    "x",
    "zzzzz",
    "pixel-banner-images/pin-clouds.jpg.crdownload",
    "pixel-banner-images/father-and-child (1).jpg.crdownload",
    "50",
    "Random Shuffle",
    "shuffle-images"
  ]
}